[
    {
        "date": "2020-09-30 1:34:18.673 \uc624\ud6c4 KST",
        "source": "DEVICE",
        "type": "",
        "name": "switch",
        "value": "on",
        "user": "",
        "displayed_text": "Ultra Thin Wafer switch is on"
    },
    {
        "date": "2020-09-30 1:34:13.243 \uc624\ud6c4 KST",
        "source": "DEVICE",
        "type": "",
        "name": "switch",
        "value": "off",
        "user": "",
        "displayed_text": "Ultra Thin Wafer switch is off"
    },
    {
        "date": "2020-09-30 1:34:10.646 \uc624\ud6c4 KST",
        "source": "DEVICE",
        "type": "",
        "name": "colorTemperature",
        "value": "2700",
        "user": "",
        "displayed_text": "Ultra Thin Wafer colorTemperature is 2700"
    },
    {
        "date": "2020-09-30 1:34:05.939 \uc624\ud6c4 KST",
        "source": "DEVICE",
        "type": "",
        "name": "colorTemperature",
        "value": "4000",
        "user": "",
        "displayed_text": "Ultra Thin Wafer colorTemperature is 4000"
    },
    {
        "date": "2020-09-30 1:33:53.543 \uc624\ud6c4 KST",
        "source": "DEVICE",
        "type": "",
        "name": "colorTemperature",
        "value": "5000",
        "user": "",
        "displayed_text": "Ultra Thin Wafer colorTemperature is 5000"
    },
    {
        "date": "2020-09-30 1:33:51.538 \uc624\ud6c4 KST",
        "source": "DEVICE",
        "type": "",
        "name": "switch",
        "value": "on",
        "user": "",
        "displayed_text": "Ultra Thin Wafer switch is on"
    },
    {
        "date": "2020-09-30 1:33:48.367 \uc624\ud6c4 KST",
        "source": "DEVICE",
        "type": "",
        "name": "switch",
        "value": "off",
        "user": "",
        "displayed_text": "Ultra Thin Wafer switch is off"
    },
    {
        "date": "2020-09-30 1:33:47.278 \uc624\ud6c4 KST",
        "source": "DEVICE",
        "type": "",
        "name": "colorTemperature",
        "value": "2700",
        "user": "",
        "displayed_text": "Ultra Thin Wafer colorTemperature is 2700"
    },
    {
        "date": "2020-09-30 1:33:38.644 \uc624\ud6c4 KST",
        "source": "DEVICE",
        "type": "",
        "name": "colorTemperature",
        "value": "3500",
        "user": "",
        "displayed_text": "Ultra Thin Wafer colorTemperature is 3500"
    },
    {
        "date": "2020-09-30 1:33:36.591 \uc624\ud6c4 KST",
        "source": "DEVICE",
        "type": "",
        "name": "switch",
        "value": "on",
        "user": "",
        "displayed_text": "Ultra Thin Wafer switch is on"
    },
    {
        "date": "2020-09-30 1:33:27.855 \uc624\ud6c4 KST",
        "source": "DEVICE",
        "type": "",
        "name": "switch",
        "value": "off",
        "user": "",
        "displayed_text": "Ultra Thin Wafer switch is off"
    },
    {
        "date": "2020-09-30 1:31:41.995 \uc624\ud6c4 KST",
        "source": "DEVICE",
        "type": "",
        "name": "colorTemperature",
        "value": "3003",
        "user": "",
        "displayed_text": "Ultra Thin Wafer colorTemperature is 3003"
    },
    {
        "date": "2020-09-30 1:31:40.046 \uc624\ud6c4 KST",
        "source": "DEVICE",
        "type": "",
        "name": "level",
        "value": "100",
        "user": "",
        "displayed_text": "Ultra Thin Wafer level is 100"
    },
    {
        "date": "2020-09-30 1:31:37.947 \uc624\ud6c4 KST",
        "source": "DEVICE",
        "type": "",
        "name": "switch",
        "value": "on",
        "user": "",
        "displayed_text": "Ultra Thin Wafer switch is on"
    }
]